<?xml version="1.0" encoding="UTF-8"?>
<project-private xmlns="http://www.netbeans.org/ns/project-private/1">
    <editor-bookmarks xmlns="http://www.netbeans.org/ns/editor-bookmarks/2" lastBookmarkId="0"/>
    <open-files xmlns="http://www.netbeans.org/ns/projectui-open-files/2">
        <group>
            <file>file:/home/antoniomolner/NetBeansProjects/QytetetRuby/lib/prueba_qytetet.rb</file>
            <file>file:/home/antoniomolner/NetBeansProjects/QytetetRuby/lib/sorpresa.rb</file>
            <file>file:/home/antoniomolner/NetBeansProjects/QytetetRuby/lib/tipo_sorpresa.rb</file>
        </group>
    </open-files>
</project-private>
